{
    "continents": {
        "North America": [255, 0, 0],
        "South America": [255, 165, 0],
        "Europe": [0, 0, 255],
        "Africa": [165, 42, 42],
        "Asia": [0, 255, 0],
        "Australia": [128, 0, 128]
    },

    "continent_troops": {
        "North America": 5,
        "South America": 2,
        "Europe": 5,
        "Africa": 3,
        "Asia": 7,
        "Australia": 2
    },

    "territories": {
        "Alaska": [
            0.058333333333333334,
            0.14814814814814814
        ],
        "Northwest Territory": [
            0.14166666666666666,
            0.14814814814814814
        ],
        "Greenland": [
            0.25,
            0.1037037037037037
        ],
        "Alberta": [
            0.10833333333333334,
            0.23703703703703705
        ],
        "Ontario": [
            0.16666666666666666,
            0.23703703703703705
        ],
        "Quebec": [
            0.21666666666666667,
            0.23703703703703705
        ],
        "Western United States": [
            0.13333333333333333,
            0.32592592592592595
        ],
        "Eastern United States": [
            0.19166666666666668,
            0.32592592592592595
        ],
        "Central America": [
            0.15833333333333333,
            0.4148148148148148
        ],
        "Venezuela": [
            0.18333333333333332,
            0.5037037037037037
        ],
        "Peru": [
            0.15833333333333333,
            0.6222222222222222
        ],
        "Brazil": [
            0.23333333333333334,
            0.5925925925925926
        ],
        "Argentina": [
            0.2,
            0.7111111111111111
        ],
        "Iceland": [
            0.3,
            0.1925925925925926
        ],
        "Scandinavia": [
            0.35,
            0.16296296296296298
        ],
        "Great Britain": [
            0.2833333333333333,
            0.2814814814814815
        ],
        "Northern Europe": [
            0.35,
            0.2962962962962963
        ],
        "Western Europe": [
            0.3,
            0.37037037037037035
        ],
        "Southern Europe": [
            0.36666666666666664,
            0.3851851851851852
        ],
        "Ukraine": [
            0.4,
            0.26666666666666666
        ],
        "North Africa": [
            0.31666666666666665,
            0.5333333333333333
        ],
        "Egypt": [
            0.375,
            0.4740740740740741
        ],
        "East Africa": [
            0.4166666666666667,
            0.562962962962963
        ],
        "Congo": [
            0.35833333333333334,
            0.6222222222222222
        ],
        "South Africa": [
            0.375,
            0.725925925925926
        ],
        "Madagascar": [
            0.44166666666666665,
            0.6814814814814815
        ],
        "Ural": [
            0.4666666666666667,
            0.2074074074074074
        ],
        "Siberia": [
            0.5166666666666667,
            0.26666666666666666
        ],
        "Yakutsk": [
            0.5666666666666667,
            0.17777777777777778
        ],
        "Kamchatka": [
            0.6166666666666667,
            0.14814814814814814
        ],
        "Irkutsk": [
            0.5666666666666667,
            0.2518518518518518
        ],
        "Mongolia": [
            0.575,
            0.34074074074074073
        ],
        "Japan": [
            0.625,
            0.2962962962962963
        ],
        "Afghanistan": [
            0.4583333333333333,
            0.32592592592592595
        ],
        "Middle East": [
            0.43333333333333335,
            0.42962962962962964
        ],
        "India": [
            0.48333333333333334,
            0.4740740740740741
        ],
        "China": [
            0.5333333333333333,
            0.4148148148148148
        ],
        "Siam": [
            0.55,
            0.4888888888888889
        ],
        "Indonesia": [
            0.55,
            0.5925925925925926
        ],
        "New Guinea": [
            0.6083333333333333,
            0.5777777777777777
        ],
        "Western Australia": [
            0.5666666666666667,
            0.6814814814814815
        ],
        "Eastern Australia": [
            0.6166666666666667,
            0.6518518518518519
        ]
    },